-839966|1813179,-889922|1813069,-939900|1813048,-989856|1813008,-1039835|1812970,-1089811|1812934,-1139768|1812924,-1189746|1812869,-1239701|1812817,-1289680|1812772,-1339636|1812743,-1389615|1812675,-1439570|1812654,-1489547|1812613,-1539526|1812577,-1589504|1812559,-1639481|1812501,-1689460|1812473,-1739438|1812440,-1789416|1812432,-1839372|1812363,-1889350|1812316,-1939306|1812272,-1989262|1812252,-2039240|1812190,-2089218|1812152,-2139175|1812115,-2189152|1812083,-2239129|1812028,-2289109|1811977,-2339086|1811929,-2389041|1811882
-839900|1763130,-889856|1763084,-939833|1763061,-989812|1763017,-1039789|1763001,-1089746|1762963,-1139724|1762951,-1189702|1762894,-1239658|1762844,-1289614|1762812,-1339592|1762763,-1389548|1762718,-1439526|1762694,-1489504|1762651,-1539482|1762611,-1589460|1762574,-1639438|1762560,-1689416|1762525,-1739394|1762472,-1789372|1762443,-1839328|1762415,-1889306|1762368,-1939262|1762325,-1989219|1762281,-2039196|1762242,-2089151|1762203,-2139130|1762145,-2189108|1762111,-2239086|1762057,-2289064|1762006,-2339021|1761979,-2388998|1761930
-839857|1713152,-889812|1713107,-939790|1713085,-989769|1713042,-1039747|1713024,-1089702|1712986,-1139680|1712951,-1189636|1712918,-1239614|1712886,-1289570|1712835,-1339525|1712808,-1389504|1712760,-1439460|1712716,-1489437|1712671,-1539416|1712652,-1589394|1712613,-1639394|1712576,-1689372|1712542,-1739350|1712509,-1789306|1712458,-1839283|1712427,-1889240|1712379,-1939219|1712354,-1989175|1712309,-2039152|1712267,-2089108|1712227,-2139086|1712167,-2189064|1712130,-2239042|1712074,-2289020|1712044,-2338976|1711991,-2388954|1711941
-839810|1663183,-889768|1663124,-939745|1663112,-989702|1663034,-1039680|1663031,-1089658|1663006,-1139635|1662983,-1189592|1662943,-1239548|1662905,-1289526|1662871,-1339483|1662816,-1389460|1662769,-1439415|1662741,-1489394|1662698,-1539372|1662655,-1589350|1662636,-1639328|1662600,-1689327|1662568,-1739284|1662520,-1789262|1662489,-1839218|1662444,-1889196|1662402,-1939152|1662364,-1989130|1662324,-2039086|1662290,-2089064|1662238,-2139042|1662210,-2189019|1662164,-2238976|1662119,-2288954|1662056,-2338932|1662019,-2388910|1661963
-839747|1613182,-889724|1613162,-939680|1613130,-989658|1613099,-1039636|1613047,-1089614|1613040,-1139570|1612999,-1189548|1612937,-1239504|1612921,-1289460|1612888,-1339438|1612833,-1389394|1612785,-1439372|1612758,-1489351|1612738,-1539327|1612695,-1589306|1612658,-1639284|1612624,-1689262|1612573,-1739241|1612543,-1789218|1612518,-1839173|1612476,-1889130|1612456,-1939108|1612396,-1989064|1612344,-2039042|1612311,-2089019|1612261,-2138976|1612215,-2188954|1612172,-2238932|1612133,-2288910|1612094,-2338889|1612040,-2388844|1611988
-839701|1563226,-889680|1563171,-939636|1563141,-989614|1563113,-1039591|1563088,-1089549|1563049,-1139526|1563006,-1189482|1562970,-1239460|1562938,-1289417|1562909,-1339394|1562861,-1389350|1562817,-1439328|1562776,-1489282|1562739,-1539262|1562705,-1589263|1562675,-1639240|1562648,-1689218|1562603,-1739196|1562564,-1789174|1562545,-1839130|1562488,-1889086|1562456,-1939064|1562406,-1989019|1562362,-2038999|1562340,-2088954|1562278,-2138933|1562242,-2188910|1562187,-2238888|1562158,-2288865|1562110,-2338822|1562066,-2388800|1562003
-839658|1513231,-889614|1513198,-939592|1513169,-989548|1513122,-1039527|1513100,-1089504|1513060,-1139482|1513042,-1189438|1512989,-1239394|1512961,-1289372|1512913,-1339328|1512890,-1389305|1512851,-1439262|1512792,-1489239|1512759,-1539218|1512729,-1589241|1512634,-1639195|1512659,-1689174|1512621,-1739130|1512581,-1789108|1512548,-1839086|1512518,-1889042|1512469,-1938998|1512425,-1988976|1512384,-2038932|1512346,-2088910|1512314,-2138888|1512261,-2188866|1512233,-2238844|1512214,-2288822|1512126,-2338778|1512088,-2388756|1512031
-839592|1463249,-889570|1463216,-939548|1463185,-989504|1463156,-1039482|1463116,-1089460|1463098,-1139415|1463063,-1189394|1463009,-1239328|1462934,-1289306|1462937,-1339284|1462896,-1389240|1462859,-1439218|1462826,-1489196|1462778,-1539174|1462751,-1589152|1462709,-1639130|1462693,-1689108|1462639,-1739086|1462608,-1789064|1462562,-1839020|1462539,-1888998|1462499,-1938954|1462465,-1988933|1462411,-2038888|1462364,-2088866|1462361,-2138822|1462280,-2188800|1462241,-2238778|1462186,-2288756|1462136,-2338734|1462112,-2388712|1462049
-839548|1413269,-889526|1413231,-939482|1413198,-989460|1413169,-1039438|1413143,-1089394|1413120,-1139372|1413084,-1189328|1413046,-1239306|1412997,-1289262|1412948,-1339240|1412926,-1389196|1412886,-1439152|1412849,-1489130|1412818,-1539108|1412791,-1589108|1412744,-1639086|1412707,-1689065|1412669,-1739042|1412657,-1789021|1412603,-1838976|1412558,-1888955|1412535,-1938909|1412496,-1988866|1412443,-2038844|1412409,-2088800|1412361,-2138778|1412317,-2188756|1412277,-2238734|1412219,-2288712|1412166,-2338690|1412135,-2388646|1412090
-839483|1363311,-889460|1363273,-939438|1363239,-989416|1363209,-1039372|1363183,-1089350|1363145,-1139327|1363108,-1189284|1363077,-1239240|1363029,-1289218|1363007,-1339174|1362965,-1389129|1362913,-1439108|1362884,-1489085|1362859,-1539063|1362818,-1589042|1362804,-1639041|1362751,-1689020|1362706,-1738976|1362681,-1788953|1362622,-1838932|1362608,-1888887|1362557,-1938866|1362511,-1988822|1362471,-2038778|1362433,-2088756|1362381,-2138734|1362354,-2188712|1362310,-2238690|1362249,-2288670|1362215,-2338624|1362164,-2388602|1362118
-839438|1313328,-889416|1313304,-939394|1313268,-989350|1313234,-1039328|1313210,-1089306|1313166,-1139262|1313145,-1189240|1313110,-1239196|1313062,-1289152|1313035,-1339130|1312995,-1389086|1312938,-1439064|1312906,-1489043|1312881,-1539021|1312838,-1588999|1312822,-1638976|1312789,-1688954|1312739,-1738931|1312716,-1788910|1312676,-1838867|1312623,-1888844|1312590,-1938800|1312544,-1988778|1312502,-2038734|1312465,-2088712|1312434,-2138668|1312367,-2188646|1312342,-2238624|1312282,-2288601|1312229,-2338579|1312199,-2388558|1312152
-839393|1263357,-889350|1263321,-939328|1263292,-989306|1263265,-1039284|1263243,-1089239|1263209,-1139218|1263178,-1189174|1263129,-1239152|1263107,-1289108|1263052,-1339064|1263021,-1389042|1262973,-1438997|1262952,-1488976|1262896,-1538954|1262885,-1588954|1262858,-1638932|1262818,-1688910|1262781,-1738887|1262749,-1788844|1262702,-1838822|1262660,-1888778|1262623,-1938756|1262572,-1988712|1262543,-2038690|1262501,-2088646|1262443,-2138624|1262410,-2188602|1262363,-2238581|1262320,-2288558|1262262,-2338536|1262229,-2388514|1262181
-839327|1213386,-889306|1213353,-939262|1213312,-989239|1213293,-1039218|1213261,-1089196|1213234,-1139152|1213190,-1189130|1213153,-1239086|1213121,-1289064|1213073,-1339019|1213049,-1388975|1212995,-1438954|1212965,-1488932|1212938,-1538910|1212901,-1588888|1212866,-1638866|1212838,-1688865|1212813,-1738822|1212776,-1788800|1212721,-1838778|1212693,-1888733|1212651,-1938690|1212595,-1988669|1212561,-2038624|1212515,-2088601|1212472,-2138580|1212437,-2188536|1212387,-2238536|1212339,-2288514|1212299,-2338470|1212243,-2388448|1212196
-839283|1163411,-889262|1163381,-939217|1163345,-989196|1163311,-1039174|1163283,-1089130|1163237,-1139108|1163221,-1189086|1163191,-1239042|1163147,-1288998|1163108,-1338976|1163074,-1388932|1163025,-1438910|1163003,-1488888|1162969,-1538866|1162939,-1588844|1162912,-1638821|1162874,-1688800|1162841,-1738778|1162796,-1788756|1162755,-1838712|1162720,-1888690|1162687,-1938646|1162646,-1988623|1162587,-2038580|1162555,-2088536|1162530,-2138536|1162468,-2188492|1162413,-2238470|1162364,-2288449|1162322,-2338426|1162282,-2388404|1162229
-839240|1113439,-889195|1113380,-939174|1113371,-989152|1113343,-1039108|1113306,-1089085|1113250,-1139064|1113244,-1189019|1113201,-1238998|1113165,-1288954|1113136,-1338910|1113091,-1388888|1113052,-1438844|1113020,-1488822|1112996,-1538800|1112955,-1588777|1112921,-1638779|1112894,-1688734|1112830,-1738711|1112794,-1788712|1112786,-1838668|1112741,-1888623|1112703,-1938602|1112670,-1988558|1112625,-2038536|1112584,-2088492|1112533,-2138471|1112481,-2188448|1112439,-2238426|1112401,-2288404|1112350,-2338382|1112305,-2388360|1112267
-839196|1063457,-889153|1063413,-939129|1063393,-989086|1063363,-1039063|1063341,-1089042|1063302,-1139021|1063275,-1188976|1063229,-1238932|1063190,-1288910|1063158,-1338866|1063111,-1388821|1063071,-1438800|1063039,-1488778|1063014,-1538756|1062973,-1588734|1062959,-1638712|1062914,-1688712|1062872,-1738645|1062791,-1788646|1062811,-1838623|1062770,-1888580|1062730,-1938558|1062685,-1988514|1062643,-2038470|1062607,-2088448|1062557,-2138426|1062517,-2188404|1062477,-2238383|1062426,-2288361|1062382,-2338338|1062345,-2388294|1062274
-839131|1013463,-889108|1013424,-939087|1013391,-989043|1013365,-1039020|1013347,-1088998|1013314,-1138954|1013287,-1188932|1013245,-1238888|1013210,-1288843|1013159,-1338822|1013138,-1388778|1013101,-1438756|1013049,-1488734|1013026,-1538712|1012988,-1588690|1012957,-1638691|1012933,-1688646|1012893,-1738624|1012861,-1788603|1012813,-1838579|1012794,-1888536|1012738,-1938492|1012710,-1988471|1012647,-2038426|1012611,-2088404|1012582,-2138382|1012537,-2188360|1012501,-2238338|1012449,-2288316|1012405,-2338294|1012343,-2388251|1012293
-839086|963481,-889064|963457,-939020|963425,-988998|963398,-1038976|963377,-1088954|963342,-1138910|963297,-1188888|963257,-1238844|963224,-1288822|963197,-1338778|963157,-1388734|963107,-1438712|963083,-1488690|963045,-1538667|963015,-1588645|962993,-1638624|962956,-1688602|962927,-1738580|962883,-1788558|962848,-1838513|962798,-1888492|962776,-1938448|962723,-1988425|962696,-2038381|962655,-2088360|962600,-2138340|962575,-2188316|962535,-2238294|962481,-2288250|962433,-2338228|962375,-2388206|962322
-839042|913512,-888997|913478,-938976|913452,-988954|913431,-1038931|913398,-1088888|913353,-1138866|913333,-1188845|913301,-1238800|913257,-1288756|913217,-1338735|913165,-1388690|913142,-1438668|913104,-1488646|913074,-1538624|913048,-1588602|913014,-1638579|912984,-1688558|912941,-1738536|912905,-1788514|912876,-1838470|912834,-1888448|912796,-1938404|912749,-1988360|912707,-2038338|912673,-2088316|912643,-2138294|912583,-2188249|912549,-2238250|912502,-2288228|912461,-2338184|912407,-2388162|912342
-838998|863532,-888954|863473,-938932|863472,-988909|863451,-1038888|863420,-1088843|863379,-1138822|863342,-1188778|863315,-1238756|863273,-1288712|863241,-1338689|863194,-1388646|863156,-1438624|863106,-1488580|863083,-1538580|863069,-1588558|863023,-1638535|863005,-1688513|862974,-1738492|862929,-1788470|862893,-1838426|862843,-1888404|862801,-1938360|862768,-1988338|862744,-2038293|862706,-2088272|862654,-2138228|862611,-2188206|862556,-2238206|862528,-2288161|862488,-2338140|862433,-2388118|862389
-838932|813553,-888910|813517,-938888|813489,-988866|813468,-1038822|813434,-1088800|813409,-1138778|813369,-1188734|813337,-1238712|813292,-1288668|813254,-1338646|813201,-1388602|813179,-1438558|813144,-1488536|813116,-1538536|813094,-1588514|813062,-1638492|813015,-1688469|812998,-1738448|812964,-1788426|812920,-1838382|812883,-1888360|812851,-1938316|812809,-1988272|812751,-2038250|812724,-2088228|812682,-2138184|812646,-2188162|812602,-2238140|812559,-2288118|812509,-2338095|812463,-2388074|812426
-838910|763592,-888866|763552,-938845|763540,-988800|763498,-1038800|763510,-1088756|763436,-1138734|763397,-1188690|763367,-1238646|763323,-1288624|763289,-1338579|763241,-1388558|763203,-1438514|763172,-1488491|763153,-1538470|763119,-1588470|763094,-1638448|763055,-1688425|763028,-1738403|762986,-1788360|762953,-1838337|762907,-1888294|762869,-1938272|762842,-1988227|762801,-2038206|762750,-2088162|762724,-2138140|762687,-2188118|762638,-2238096|762598,-2288074|762545,-2338052|762500,-2388030|762462
-838844|713609,-888822|713586,-938778|713551,-988756|713524,-1038734|713506,-1088712|713471,-1138690|713431,-1188646|713396,-1238624|713367,-1288580|713327,-1338536|713258,-1388514|713254,-1438470|713201,-1488448|713175,-1538426|713159,-1588404|713129,-1638404|713086,-1688381|713053,-1738360|713029,-1788316|712990,-1838294|712940,-1888272|712945,-1938226|712866,-1988184|712841,-2038162|712803,-2088118|712756,-2138096|712715,-2188074|712683,-2238052|712616,-2288030|712580,-2338008|712531,-2387985|712490
-838799|663668,-888777|663621,-938756|663600,-988711|663573,-1038688|663529,-1088668|663512,-1138624|663468,-1188602|663430,-1238559|663401,-1288536|663358,-1338492|663322,-1388470|663279,-1438425|663242,-1488405|663214,-1538382|663195,-1588360|663163,-1638339|663073,-1688338|663105,-1738293|663058,-1788270|663018,-1838250|662988,-1888206|662946,-1938183|662913,-1988139|662866,-2038118|662829,-2088074|662800,-2138051|662759,-2188030|662705,-2238007|662660,-2287985|662624,-2337965|662555,-2387942|662531
-838757|613696,-888712|613651,-938689|613635,-988668|613606,-1038646|613586,-1088624|613551,-1138579|613508,-1188558|613472,-1238513|613440,-1288492|613400,-1338448|613347,-1388426|613303,-1438382|613287,-1488360|613259,-1538338|613218,-1588316|613207,-1638295|613161,-1688272|613123,-1738250|613096,-1788228|613055,-1838206|613022,-1888162|612959,-1938118|612940,-1988096|612912,-2038074|612870,-2088029|612837,-2138007|612791,-2187986|612732,-2237964|612705,-2287942|612664,-2337920|612609,-2387899|612566
-838713|563721,-888690|563697,-938646|563667,-988624|563642,-1038602|563609,-1088580|563580,-1138536|563543,-1188514|563513,-1238470|563454,-1288426|563422,-1338404|563379,-1388359|563344,-1438337|563319,-1488316|563284,-1538294|563257,-1588272|563217,-1638249|563188,-1688227|563168,-1738206|563135,-1788184|563091,-1838140|563056,-1888118|563008,-1938073|562970,-1988052|562942,-2038008|562902,-2087986|562871,-2137964|562828,-2187942|562772,-2237920|562748,-2287897|562690,-2337876|562642,-2387831|562603
-838669|513761,-888624|513721,-938602|513686,-988580|513661,-1038558|513643,-1088514|513594,-1138492|513554,-1188470|513522,-1238425|513476,-1288382|513442,-1338360|513416,-1388316|513377,-1438294|513346,-1488272|513305,-1538250|513294,-1588228|513248,-1638206|513233,-1688184|513184,-1738161|513143,-1788140|513114,-1838096|513069,-1888074|513036,-1938029|512989,-1988008|512953,-2037963|512923,-2087942|512882,-2137921|512850,-2187898|512806,-2237876|512771,-2287854|512723,-2337810|512662,-2387810|512633
-838602|463770,-888580|463732,-938559|463722,-988535|463684,-1038514|463651,-1088492|463625,-1138448|463569,-1188404|463544,-1238382|463484,-1288339|463474,-1338317|463431,-1388272|463397,-1438250|463372,-1488229|463335,-1538206|463307,-1588183|463287,-1638162|463236,-1688140|463212,-1738118|463176,-1788096|463130,-1838052|463112,-1888030|463060,-1937986|463018,-1987964|462984,-2037920|462940,-2087897|462902,-2137874|462874,-2187832|462834,-2237831|462780,-2287811|462737,-2337765|462682,-2387744|462654
-838557|413797,-888535|413770,-938492|413729,-988469|413696,-1038448|413672,-1088426|413636,-1138404|413605,-1188382|413567,-1238338|413536,-1288293|413490,-1338249|413411,-1388228|413407,-1438184|413370,-1488162|413360,-1538139|413317,-1588140|413305,-1638118|413258,-1688095|413242,-1738074|413191,-1788052|413151,-1838009|413117,-1887986|413093,-1937942|413036,-1987919|413007,-2037876|412967,-2087854|412936,-2137831|412892,-2187787|412856,-2237788|412809,-2287766|412770,-2337721|412718,-2387700|412675
-838514|363822,-888493|363798,-938448|363758,-988426|363728,-1038426|363705,-1088381|363669,-1138360|363624,-1188315|363588,-1238294|363557,-1288250|363518,-1338228|363464,-1388184|363441,-1438140|363405,-1488119|363379,-1538095|363339,-1588096|363310,-1638074|363288,-1688052|363254,-1738030|363230,-1788009|363171,-1837964|363143,-1887920|363103,-1937898|363069,-1987853|363025,-2037832|362990,-2087810|362964,-2137788|362924,-2187744|362873,-2237722|362831,-2287700|362774,-2337678|362751,-2387655|362692
-838470|313844,-888448|313811,-938404|313790,-988381|313737,-1038360|313730,-1088338|313693,-1138293|313646,-1188273|313627,-1238228|313571,-1288206|313528,-1338161|313491,-1388140|313464,-1438096|313446,-1488073|313415,-1538051|313372,-1588030|313338,-1638008|313311,-1688010|313273,-1737986|313244,-1787942|313202,-1837920|313169,-1887876|313124,-1937854|313104,-1987810|313059,-2037788|313019,-2087744|312985,-2137723|312941,-2187700|312906,-2237678|312858,-2287656|312818,-2337633|312768,-2387612|312723
-838426|263876,-888382|263833,-938360|263800,-988338|263775,-1038315|263757,-1088294|263709,-1138250|263690,-1188229|263655,-1238183|263590,-1288162|263576,-1338117|263526,-1388073|263488,-1438052|263457,-1488030|263432,-1538008|263399,-1587986|263371,-1637964|263353,-1687941|263302,-1737920|263278,-1787898|263245,-1837876|263198,-1887831|263160,-1937810|263132,-1987766|263091,-2037744|263056,-2087700|263010,-2137678|262972,-2187656|262943,-2237633|262901,-2287612|262846,-2337590|262802,-2387567|262745